type,plaintiff,claimant,year,month
ListConcluded,Holiday Inns S.A. and others,Morocco,1972,1
ListConcluded,Adriano Gardella S.p.A.,C&ocircte; d'Ivoire,1974,1
ListConcluded,"Alcoa Minerals of Jamaica, Inc.",Jamaica,1974,2
ListConcluded,Kaiser Bauxite Company,Jamaica,1974,3
ListConcluded,Reynolds Jamaica Mines Limited and Reynolds Metals Company,"Jamaica  ,",1974,4
ListConcluded,Gabon,SociÃ©tÃ© Serete S.A.,1976,1
ListConcluded,AGIP S.p.A.,People's Republic of the Congo,1977,1
ListConcluded,S.A.R.L. Benvenuti &amp; Bonfant,"People's Republic of the Congo  ,",1977,2
ListConcluded,Guadalupe Gas Products Corporation,Nigeria,1978,1
ListConcluded,Amco Asia Corporation and others,"Republic of Indonesia  ,",1981,1
ListConcluded,Kl&oumlckner; Industrie-Anlagen GmbH and others,"United Republic of Cameroon and Soci&eacutet;&eacute; Camerounaise des Engrais  ,",1981,2
ListConcluded,SEDITEX Engineering Beratungsgesellschaft fÃ¼r die Textilindustrie m.b.H.,Democratic Republic of Madagascar,"20d><td class=""contentBlueBold"" colspan=""3"">SEDITEX Engineering Beratungsgesellschaft fÃ¼r die Textilindustrie m.b.H. v. Democratic Republic of Madagascar  (ICSID Case No. CONC",82
ListConcluded,SociÃ©tÃ© Ouest Africaine des BÃ©tons Industriels,"Senegal  ,",1982,1
ListConcluded,Swiss Aluminium Limited and Icelandic Aluminium Company Limited,Iceland,1983,1
ListConcluded,Liberian Eastern Timber Corporation,"Republic of Liberia  ,",1983,2
ListConcluded,Tesoro Petroleum Corporation,"Trinidad and Tobago  ,","20d><td class=""contentBlueBold"" colspan=""3"">Tesoro Petroleum Corporation v. Trinidad and Tobago <","td><td width=""30"">&nbsp;<"
ListConcluded,Atlantic Triton Company Limited,People's Revolutionary Republic of Guinea,1984,1
ListConcluded,Colt Industries Operating Corporation,"Republic of Korea  ,",1984,2
ListConcluded,Southern Pacific Properties (Middle East) Limited,Arab Republic of Egypt,1984,3
ListConcluded,Maritime International Nominees Establishment,"Republic of Guinea  ,",1984,4
ListConcluded,Ghaith R. Pharaon,Republic of Tunisia,1986,1
ListConcluded,SociÃ©tÃ© d'Etudes de Travaux et de Gestion SETIMEG S.A.,Republic of Gabon,1987,1
ListConcluded,Mobil Oil Corporation and others,New Zealand,1987,2
ListConcluded,Asian Agricultural Products Limited,Democratic Socialist Republic of Sri Lanka,1987,3
ListConcluded,"Occidental of Pakistan, Inc.","Islamic Republic of Pakistan  ,",1987,4
ListConcluded,Manufacturers Hanover Trust Company,Arab Republic of Egypt and General Authority for Investment and Free Zones,1989,1
ListConcluded,Vacuum Salt Products Ltd.,Republic of Ghana,1992,1
ListConcluded,Scimitar Exploration Limited,"Bangladesh and Bangladesh Oil, Gas and Mineral Corporation",1992,2
ListConcluded,"American Manufacturing &amp; Trading, Inc.",Democratic Republic of the Congo,1993,1
ListConcluded,Philippe Gruslin,Malaysia,1994,1
ListConcluded,SEDITEX Engineering Beratungsgesellschaft fÃ¼r dieTextilindustrie m.b.H.,Madagascar,"20d><td class=""contentBlueBold"" colspan=""3"">SEDITEX Engineering Beratungsgesellschaft fÃ¼r dieTextilindustrie m.b.H. v. Madagascar (ICSID Case No. CONC",94
ListConcluded,Tradex Hellas S.A.,Republic of Albania,1994,2
ListConcluded,Leaf Tobacco A. Michaelides S.A. and Greek-Albanian Leaf Tobacco &amp; Co. S.A.,Republic of Albania,1995,1
ListConcluded,"Cable Television of Nevis, Ltd. and Cable Television of Nevis Holdings, Ltd.",Federation of St. Kitts and Nevis,1995,2
ListConcluded,Antoine Goetz and others,Republic of Burundi,1995,3
ListConcluded,CompaÃ±ia del Desarrollo de Santa Elena S.A.,"Republic of Costa Rica  ,",1996,1
ListConcluded,Misima Mines Pty. Ltd.,"Independent State of Papua New Guinea  ,",1996,2
ListConcluded,Fedax N.V.,Republic of Venezuela,1996,3
ListConcluded,Metalclad Corporation,"United Mexican States  ,","20d><td class=""contentBlueBold"" colspan=""3"">Metalclad Corporation  v. United Mexican States <","td><td width=""30"">&nbsp;<"
ListConcluded,SociÃ©tÃ© d'Investigation de Recherche et d'Exploitation MiniÃ¨re,Burkina Faso,1997,1
ListConcluded,SociÃ©tÃ© Kufpec (Congo) Limited,"Republic of Congo  ,",1997,2
ListConcluded,CompaÃ±Ã­a de Aguas del Aconquija S.A. and Vivendi Universal S.A.,Argentine Republic,1997,3
ListConcluded,Robert Azinian and others,"United Mexican States  ,","20d><td class=""contentBlueBold"" colspan=""3"">Robert Azinian and others  v. United Mexican States <","td><td width=""30"">&nbsp;<"
ListConcluded,"&#268;eskoslovenska obchodnÃ­ banka, a.s.","Slovak Republic  ,",1997,4
ListConcluded,WRB Enterprises and Grenada Private Power Limited,"Grenada  ,",1997,5
ListConcluded,"Lanco International, Inc.",Argentine Republic,1997,6
ListConcluded,Emilio AgustÃ­n Maffezini,Kingdom of Spain,1997,7
ListConcluded,Compagnie FranÃ§aise pour le DÃ©veloppement des Fibres Textiles,CÃ´te d'Ivoire,1997,8
ListConcluded,Joseph C. Lemire,Ukraine,"20d><td class=""contentBlueBold"" colspan=""3"">Joseph C. Lemire  v. Ukraine  (ICSID Case No. ARB(AF)",98
ListConcluded,"Houston Industries Energy, Inc. and others","Argentine Republic  ,",1998,1
ListConcluded,International Trust Company of Liberia,"Republic of Liberia  ,",1998,3
ListConcluded,Wena Hotels Limited,Arab Republic of Egypt,1998,4
ListConcluded,Eudoro A. OlguÃ­n,Republic of Paraguay,1998,5
ListConcluded,Compagnie MiniÃ¨re Internationale Or S.A.,"Republic of Peru  ,",1998,6
ListConcluded,"Banro American Resources, Inc. and SociÃ©tÃ© AurifÃ¨re du Kivu et du Maniema S.A.R.L.",Democratic Republic of the Congo,1998,7
ListConcluded,"Waste Management, Inc.","United Mexican States  ,","20d><td class=""contentBlueBold"" colspan=""3"">Waste Management, Inc. v. United Mexican States <","td><td width=""30"">&nbsp;<"
ListConcluded,"The Loewen Group, Inc. and Raymond L. Loewen","United States of America  ,","20d><td class=""contentBlueBold"" colspan=""3"">The Loewen Group, Inc. and Raymond L. Loewen  v. United States of America <","td><td width=""30"">&nbsp;<"
ListConcluded,Tanzania Electric Supply Company Limited,Independent Power Tanzania Limited,1998,8
ListConcluded,Mobil Argentina S.A.,Argentine Republic,1999,1
ListConcluded,Alex Genin and others,Republic of Estonia,1999,2
ListConcluded,Philippe Gruslin,Malaysia,1999,3
ListConcluded,Marvin Roy Feldman Karpa,"United Mexican States  ,","20d><td class=""contentBlueBold"" colspan=""3"">Marvin Roy Feldman Karpa  v. United Mexican States <","td><td width=""30"">&nbsp;<"
ListConcluded,Empresa Nacional de Electricidad S.A.,"Argentine Republic  ,",1999,4
ListConcluded,Alimenta S.A.,Republic of The Gambia,1999,5
ListConcluded,Mondev International Ltd.,"United States of America  ,","20d><td class=""contentBlueBold"" colspan=""3"">Mondev International Ltd. v. United States of America <","td><td width=""30"">&nbsp;<"
ListConcluded,Middle East Cement Shipping and Handling Co. S.A.,Arab Republic of Egypt,1999,6
ListConcluded,Patrick Mitchell,"Democratic Republic of the Congo  ,",1999,7
ListConcluded,Astaldi S.p.A. &amp; Columbus Latinoamericana de Construcciones S.A.,Republic of Honduras,1999,8
ListConcluded,Zhinvali Development Ltd.,Republic of Georgia,2000,1
ListConcluded,Mihaly International Corporation,Democratic Socialist Republic of Sri Lanka,2000,2
ListConcluded,"GRAD Associates, P.A.","Bolivarian Republic of Venezuela  ,",2000,3
ListConcluded,Salini Costruttori S.p.A. and Italstrade S.p.A.,"Kingdom of Morocco  ,",2000,4
ListConcluded,"Autopista Concesionada de Venezuela, C.A.",Bolivarian Republic of Venezuela,2000,5
ListConcluded,Consortium R.F.C.C.,Kingdom of Morocco,2000,6
ListConcluded,World Duty Free Company Limited,"Republic of Kenya  ,",2000,7
ListConcluded,"Ridgepointe Overseas Developments, Ltd.",Democratic Republic of the Congo and GÃ©nÃ©rale des CarriÃ¨res et des Mines,2000,8
ListConcluded,ADF Group Inc.,United States of America,"20d><td class=""contentBlueBold"" colspan=""3"">ADF Group Inc. v. United States of America (ICSID Case No. ARB(AF)",00
ListConcluded,"TÃ©cnicas Medioambientales Tecmed, S.A.","United Mexican States  ,","20d><td class=""contentBlueBold"" colspan=""3"">TÃ©cnicas Medioambientales Tecmed, S.A. v. United Mexican States <","td><td width=""30"">&nbsp;<"
ListConcluded,"Waste Management, Inc.","United Mexican States  ,","20d><td class=""contentBlueBold"" colspan=""3"">Waste Management, Inc. v. United Mexican States <","td><td width=""30"">&nbsp;<"
ListConcluded,Generation Ukraine Inc.,Ukraine,2000,9
ListConcluded,"Impregilo, S.p.A and Rizzani De Eccher S.p.A.","United Arab Emirates  ,",2001,1
ListConcluded,Antoine Goetz and others,Republic of Burundi,2001,2
ListConcluded,AES Summit Generation Limited,"Republic of Hungary  ,",2001,4
ListConcluded,SociÃ©tÃ© d'Exploitation des Mines d'Or de Sadiola S.A.,"Republic of Mali  ,",2001,5
ListConcluded,"AIG Capital Partners, Inc. and CJSC Tema Real Estate Company",Republic of Kazakhstan,2001,6
ListConcluded,MTD Equity Sdn. Bhd. and MTD Chile S.A.,"Republic of Chile  ,",2001,7
ListConcluded,CMS Gas Transmission Company,"Argentine Republic  ,",2001,8
ListConcluded,Booker plc,Co-operative Republic of Guyana,2001,9
ListConcluded,Repsol YPF Ecuador S.A.,Empresa Estatal PetrÃ³leos del Ecuador (Petroecuador),2001,10
ListConcluded,"Noble Ventures, Inc.",Romania,2001,11
ListConcluded,Azurix Corp.,Argentine Republic,2001,12
ListConcluded,SGS SociÃ©tÃ© GÃ©nÃ©rale de Surveillance S.A.,Islamic Republic of Pakistan,2001,13
ListConcluded,"F-W Oil Interests, Inc.","Republic of Trinidad &amp; Tobago  ,",2001,14
ListConcluded,Fireman's Fund Insurance Company,"United Mexican States  ,","20d><td class=""contentBlueBold"" colspan=""3"">Fireman's Fund Insurance Company v. United Mexican States <","td><td width=""30"">&nbsp;<"
ListConcluded,Impregilo S.p.A.,Islamic Republic of Pakistan,2002,2
ListConcluded,Aguas del Tunari S.A.,Republic of Bolivia,2002,3
ListConcluded,Lafarge,Republic of Cameroon,2002,4
ListConcluded,PSEG Global Inc. and Konya Ilgin Elektrik Ã&oelig;retim ve Ticaret Limited Sirketi,Republic of Turkey,2002,5
ListConcluded,SGS SociÃ©tÃ© GÃ©nÃ©rale de Surveillance S.A.,"Republic of the Philippines  ,",2002,6
ListConcluded,Hussein Nuaman Soufraki,United Arab Emirates,2002,7
ListConcluded,Siemens A.G.,Argentine Republic,2002,8
ListConcluded,"Champion Trading Company and Ameritrade International, Inc.",Arab Republic of Egypt,2002,9
ListConcluded,IBM World Trade Corp.,Republic of Ecuador,2002,10
ListConcluded,Enrho St Limited,Republic of Kazakhstan,2002,11
ListConcluded,JacobsGibb Limited,"Hashemite Kingdom of Jordan  ,",2002,12
ListConcluded,Salini Costruttori S.p.A. and Italstrade S.p.A.,Hashemite Kingdom of Jordan,2002,13
ListConcluded,CDC Group plc,Republic of Seychelles,2002,14
ListConcluded,"Ahmonseto, Inc. and others","Arab Republic of Egypt  ,",2002,15
ListConcluded,Tokios Tokel&#279;s,Ukraine,2002,18
ListConcluded,Ed. ZÃ¼blin AG,Kingdom of Saudi Arabia,2003,1
ListConcluded,Impregilo S.p.A.,Islamic Republic of Pakistan,2003,3
ListConcluded,"Industria Nacional de Alimentos, S.A. and Indalsa PerÃº, S.A. (formerly Empresas Lucchetti, S.A. and Lucchetti PerÃº, S.A.)","Republic of Peru  ,",2003,4
ListConcluded,Metalpar S.A. and Buen Aire S.A.,"Argentine Republic  ,",2003,5
ListConcluded,"M.C.I. Power Group, L.C. and New Turbine, Inc.","Republic of Ecuador  ,",2003,6
ListConcluded,Camuzzi International S.A.,Argentine Republic,2003,7
ListConcluded,Consortium Groupement L.E.S.I. - DIPENTA,People's Democratic Republic of Algeria,2003,8
ListConcluded,Continental Casualty Company,"Argentine Republic  ,",2003,9
ListConcluded,Joy Mining Machinery Limited,"Arab Republic of Egypt  ,",2003,11
ListConcluded,"Pioneer Natural Resources Company, Pioneer Natural Resources (Argentina) S.A. and Pioneer Natural Resources (Tierra del Fuego) S.A.",Argentine Republic,2003,12
ListConcluded,Pan American Energy LLC and BP Argentina Exploration Company,Argentine Republic,2003,13
ListConcluded,Miminco LLC and others,"Democratic Republic of the Congo  ,",2003,14
ListConcluded,ADC Affiliate Limited and ADC &amp; ADMC Management Limited,Republic of Hungary,2003,16
ListConcluded,"Aguas Cordobesas S.A., Suez, and Sociedad General de Aguas de Barcelona S.A.",Argentine Republic,2003,18
ListConcluded,TelefÃ³nica S.A,Argentine Republic,2003,20
ListConcluded,Plama Consortium Limited,"Republic of Bulgaria  ,",2003,24
ListConcluded,Fraport AG Frankfurt Airport Services Worldwide,Republic of the Philippines,2003,25
ListConcluded,Inceysa Vallisoletana S.L.,"Republic of El Salvador  ,",2003,26
ListConcluded,Duke Energy International Peru Investments No. 1 Ltd.,Republic of Peru,2003,28
ListConcluded,Bayindir Insaat Turizm Ticaret Ve Sanayi A.S.,Islamic Republic of Pakistan,2003,29
ListConcluded,Azurix Corp.,Argentine Republic,2003,30
ListConcluded,TG World Petroleum Limited,"Republic of Niger  ,","20td><td class=""contentBlueBold"" colspan=""3"">TG World Petroleum Limited  v. Republic of Niger <","td><td width=""30"">&nbsp;<"
ListConcluded,"Corn Products International, Inc.","United Mexican States  ,","20td><td class=""contentBlueBold"" colspan=""3"">Corn Products International, Inc.  v. United Mexican States <","td><td width=""30"">&nbsp;<"
ListConcluded,Western NIS Enterprise Fund,Ukraine,2004,2
ListConcluded,Cemex Asia Holdings Ltd,Republic of Indonesia,2004,3
ListConcluded,SAUR International,Argentine Republic,2004,4
ListConcluded,Compagnie d'Exploitation du Chemin de Fer Transgabonais,Gabonese Republic,2004,5
ListConcluded,OKO Pankki Oyj and others,"Republic of Estonia  ,",2004,6
ListConcluded,Sociedad AnÃ³nima Eduardo Vieira,"Republic of Chile  ,",2004,7
ListConcluded,BP America Production Company and others,"Argentine Republic  ,",2004,8
ListConcluded,CIT Group Inc.,Argentine Republic,2004,9
ListConcluded,Alstom Power Italia SpA and Alstom SpA,"Republic of Mongolia  ,",2004,10
ListConcluded,Russell Resources International Limited and others,Democratic Republic of the Congo,2004,11
ListConcluded,Jan de Nul N.V. and Dredging International N.V.,Arab Republic of Egypt,2004,13
ListConcluded,"Cargill, Incorporated",Republic of Poland,"20td><td class=""contentBlueBold"" colspan=""3"">Cargill, Incorporated v. Republic of Poland  (ICSID Case No. ARB(AF)",04
ListConcluded,Wintershall Aktiengesellschaft,"Argentine Republic  ,",2004,14
ListConcluded,Telenor Mobile Communications AS,"Republic of Hungary  ,",2004,15
ListConcluded,Interbrew Central European Holding B.V.,"Republic of Slovenia  ,",2004,17
ListConcluded,France Telecom S.A.,Argentine Republic,2004,18
ListConcluded,"Gemplus, S.A., SLP, S.A. and Gemplus Industrial, S.A. de C.V.",United Mexican States,"20td><td class=""contentBlueBold"" colspan=""3"">Gemplus, S.A., SLP, S.A. and Gemplus Industrial, S.A. de C.V.  v. United Mexican States  (ICSID Case No. ARB(AF)",04
ListConcluded,"Talsud, S.A.",United Mexican States,"20td><td class=""contentBlueBold"" colspan=""3"">Talsud, S.A.  v. United Mexican States  (ICSID Case No. ARB(AF)",04
ListConcluded,"Archer Daniels Midland Company and Tate &amp; Lyle Ingredients Americas, Inc.",United Mexican States,"20td><td class=""contentBlueBold"" colspan=""3"">Archer Daniels Midland Company and Tate &amp; Lyle Ingredients Americas, Inc. v. United Mexican States  (ICSID Case No. ARB(AF)",04
ListConcluded,Duke Energy Electroquil Partners and Electroquil S.A.,Republic of Ecuador,2004,19
ListConcluded,Vannessa Ventures Ltd.,"Bolivarian Republic of Venezuela  ,","20td><td class=""contentBlueBold"" colspan=""3"">Vannessa Ventures Ltd.  v. Bolivarian Republic of Venezuela <","td><td width=""30"">&nbsp;<"
ListConcluded,RGA Reinsurance Company,Argentine Republic,2004,20
ListConcluded,"Motorola Credit Corporation, Inc","Republic of Turkey  ,",2004,21
ListConcluded,CompaÃ±Ã­a General de Electricidad S.A. and CGE Argentina S.A.,Argentine Republic,2005,2
ListConcluded,"LESI, S.p.A. and Astaldi, S.p.A.",People's Democratic Republic of Algeria,2005,3
ListConcluded,I&I; Beheer B.V.,"Bolivarian Republic of Venezuela  ,",2005,4
ListConcluded,"TSA Spectrum de Argentina, S.A.","Argentine Republic  ,",2005,5
ListConcluded,Bernardus Henricus Funnekotter and others,"Republic of Zimbabwe  ,",2005,6
ListConcluded,Saipem S.p.A.,People's Republic of Bangladesh,2005,7
ListConcluded,Parkerings-Compagniet AS,"Republic of Lithuania  ,",2005,8
ListConcluded,Togo ElectricitÃ©,Republic of Togo,"20td><td class=""contentBlueBold"" colspan=""3"">Togo ElectricitÃ© v. Republic of Togo  (ICSID Case No. CONC",05
ListConcluded,"Empresa ElÃ©ctrica del Ecuador, Inc. (EMELEC)","Republic of Ecuador  ,",2005,9
ListConcluded,"Malaysian Historical Salvors, SDN, BHD","Malaysia  ,",2005,10
ListConcluded,Asset Recovery Trust S.A.,"Argentine Republic  ,",2005,11
ListConcluded,Bayview Irrigation District and others,"United Mexican States  ,","20td><td class=""contentBlueBold"" colspan=""3"">Bayview Irrigation District and others  v. United Mexican States <","td><td width=""30"">&nbsp;<"
ListConcluded,Noble Energy Inc. and MachalaPower CÃ­a. Ltd.,Republic of Ecuador and Consejo Nacional de Electricidad,2005,12
ListConcluded,EDF (Services) Limited,Romania,2005,13
ListConcluded,RSM Production Corporation,Grenada,2005,14
ListConcluded,Waguih Elie George Siag and Clorinda Vecchi,"Arab Republic of Egypt  ,",2005,15
ListConcluded,"Cargill, Incorporated","United Mexican States  ,","20td><td class=""contentBlueBold"" colspan=""3"">Cargill, Incorporated  v. United Mexican States <","td><td width=""30"">&nbsp;<"
ListConcluded,Rumeli Telekom A.S. and Telsim Mobil Telekomunikasyon Hizmetleri A.S.,Republic of Kazakhstan,2005,16
ListConcluded,Desert Line Projects LLC,Republic of Yemen,2005,17
ListConcluded,Ioannis Kardassopoulos,Georgia,2005,18
ListConcluded,Helnan International Hotels A/S,"Arab Republic of Egypt  ,",2005,19
ListConcluded,"African Holding Company of America, Inc. and SociÃ©tÃ© Africaine de Construction au Congo S.A.R.L.","Democratic Republic of the Congo  ,",2005,21
ListConcluded,Biwater Gauff (Tanzania) Limited,"United Republic of Tanzania  ,",2005,22
ListConcluded,Ares International S.r.l. and MetalGeo S.r.l.,"Georgia  ,",2005,23
ListConcluded,Spyridon Roussalis,Romania,2006,1
ListConcluded,The Rompetrol Group N.V.,Romania,2006,3
ListConcluded,Phoenix Action Ltd,Czech Republic,2006,5
ListConcluded,Rail World LLC and others,Republic of Estonia,2006,6
ListConcluded,Togo ElectricitÃ© and GDF-Suez Energie Services,"Republic of Togo  ,",2006,7
ListConcluded,Sistem Muhendislik Insaat Sanayi ve Ticaret A.S.,"Kyrgyz Republic  ,","20td><td class=""contentBlueBold"" colspan=""3"">Sistem Muhendislik Insaat Sanayi ve Ticaret A.S.  v. Kyrgyz Republic <","td><td width=""30"">&nbsp;<"
ListConcluded,Libananco Holdings Co. Limited,"Republic of Turkey  ,",2006,8
ListConcluded,Branimir Mensik,Slovak Republic,2006,9
ListConcluded,"Chevron Bangladesh Block Twelve, Ltd. and Chevron Bangladesh Blocks Thirteen and Fourteen, Ltd.","People's Republic of Bangladesh  ,",2006,10
ListConcluded,Scancem International ANS,Republic of Congo,2006,12
ListConcluded,"Aguaytia Energy, LLC",Republic of Peru,2006,13
ListConcluded,Shell Brands International AG and Shell Nicaragua S.A.,Republic of Nicaragua,2006,14
ListConcluded,"Azpetrol International Holdings B.V., Azpetrol Group B.V. and Azpetrol Oil Services Group B.V.",Republic of Azerbaijan,2006,15
ListConcluded,Barmek Holding A.S.,Republic of Azerbaijan,2006,16
ListConcluded,"TÃ©cnicas Reunidas, S.A. and Eurocontrol, S.A.","Republic of Ecuador  ,",2006,17
ListConcluded,Cementownia &quot;Nowa Huta&quot; S.A.,"Republic of Turkey  ,","20td><td class=""contentBlueBold"" colspan=""3"">Cementownia &quot;Nowa Huta&quot; S.A. v. Republic of Turkey <","td><td width=""30"">&nbsp;<"
ListConcluded,Joseph C. Lemire,Ukraine,2006,18
ListConcluded,"Nations Energy, Inc. and others","Republic of Panama  ,",2006,19
ListConcluded,Newmont USA Limited and Newmont (Uzbekistan) Limited,Republic of Uzbekistan,2006,20
ListConcluded,City Oriente Limited,Republic of Ecuador and Empresa Estatal PetrÃ³leos del Ecuador (Petroecuador),2006,21
ListConcluded,"Piero Foresti, Laura de Carli and others","Republic of South Africa  ,","20td><td class=""contentBlueBold"" colspan=""3"">Piero Foresti, Laura de Carli and others v. Republic of South Africa <","td><td width=""30"">&nbsp;<"
ListConcluded,Fondel Metal Participations B.V.,"Republic of Azerbaijan  ,",2007,1
ListConcluded,RSM Production Corporation,"Central African Republic  ,",2007,2
ListConcluded,Government of the Province of East Kalimantan,PT Kaltim Prima Coal and others,2007,3
ListConcluded,Eni DaciÃ³n B.V.,"Bolivarian Republic of Venezuela  ,",2007,4
ListConcluded,Global Gold Mining LLC,Republic of Armenia,2007,7
ListConcluded,Europe Cement Investment and Trade S.A.,"Republic of Turkey  ,","20td><td class=""contentBlueBold"" colspan=""3"">Europe Cement Investment and Trade S.A. v. Republic of Turkey <","td><td width=""30"">&nbsp;<"
ListConcluded,Alasdair Ross Anderson and others,"Republic of Costa Rica  ,","20td><td class=""contentBlueBold"" colspan=""3"">Alasdair Ross Anderson and others  v. Republic of Costa Rica <","td><td width=""30"">&nbsp;<"
ListConcluded,"Bureau Veritas, Inspection, Valuation, Assessment and Control, BIVAC B.V.",Republic of Paraguay,2007,9
ListConcluded,M. Meerapfel SÃ¶hne AG,"Central African Republic  ,",2007,10
ListConcluded,ALAS International Baustoffproduktions AG,"Bosnia and Herzegovina  ,",2007,11
ListConcluded,Toto Costruzioni Generali S.p.A.,"Republic of Lebanon  ,",2007,12
ListConcluded,S&T; Oil Equipment &amp; Machinery Ltd.,Romania,2007,13
ListConcluded,Liman Caspian Oil BV and NCL Dutch Investment BV,Republic of Kazakhstan,2007,14
ListConcluded,Ron Fuchs,Georgia,2007,15
ListConcluded,Alpha Projektholding GmbH,Ukraine,2007,16
ListConcluded,Impregilo S.p.A.,Argentine Republic,2007,17
ListConcluded,Shell Nigeria Ultra Deep Limited,"Federal Republic of Nigeria  ,",2007,18
ListConcluded,Saba Fakes,Republic of Turkey,2007,20
ListConcluded,Pantechniki S.A. Contractors &amp; Engineers,"Republic of Albania  ,",2007,21
ListConcluded,AES Summit Generation Limited and AES-Tisza Er&oumlm;&uuml; Kft.,"Hungary  ,",2007,22
ListConcluded,Shareholders of SESAM,"Central African Republic  ,","20td><td class=""contentBlueBold"" colspan=""3"">Shareholders of SESAM  v. Central African Republic <","td><td width=""30"">&nbsp;<"
ListConcluded,Railroad Development Corporation,"Republic of Guatemala  ,",2007,23
ListConcluded,Gustav F W Hamester GmbH &amp; Co KG,"Republic of Ghana  ,",2007,24
ListConcluded,"Trans-Global Petroleum, Inc.","Hashemite Kingdom of Jordan  ,",2007,25
ListConcluded,E.T.I. Euro Telecom International N.V.,"Plurinational State of Bolivia  ,",2007,28
ListConcluded,SGS Soci&eacutet;&eacute; G&eacuten;&eacuterale; de Surveillance S.A.,Republic of Paraguay,2007,29
ListConcluded,Astaldi S.p.A.,Republic of Honduras,2007,32
ListConcluded,Marion Unglaube,Republic of Costa Rica,2008,1
ListConcluded,"ATA Construction, Industrial and Trading Company",Hashemite Kingdom of Jordan,2008,2
ListConcluded,Quadrant Pacific Growth Fund L.P. and Canasco Holdings Inc.,Republic of Costa Rica,"20td><td class=""contentBlueBold"" colspan=""3"">Quadrant Pacific Growth Fund L.P. and Canasco Holdings Inc. v. Republic of Costa Rica (ICSID Case No. ARB(AF)",08
ListConcluded,"Brandes Investment Partners, LP","Bolivarian Republic of Venezuela  ,",2008,3
ListConcluded,Murphy Exploration and Production Company International,Republic of Ecuador,2008,4
ListConcluded,Itera International Energy LLC and Itera Group NV,"Georgia  ,",2008,7
ListConcluded,Inmaris Perestroika Sailing Maritime Services GmbH and others,"Ukraine  ,",2008,8
ListConcluded,"Repsol YPF Ecuador, S.A. and others",Republic of Ecuador and Empresa Estatal PetrÃ³leos del Ecuador (PetroEcuador),2008,10
ListConcluded,"Bosh International, Inc. and B&P;, LTD Foreign Investments Enterprise",Ukraine,2008,11
ListConcluded,Caratube International Oil Company LLP,"Republic of Kazakhstan  ,",2008,12
ListConcluded,Alapli Elektrik B.V.,Republic of Turkey,2008,13
ListConcluded,Impregilo S.p.A.,Argentine Republic,2008,14
ListConcluded,CEMEX Caracas Investments B.V. and CEMEX Caracas II Investments B.V.,Bolivarian Republic of Venezuela,2008,15
ListConcluded,GEA Group Aktiengesellschaft,Ukraine,2008,16
ListConcluded,Participaciones Inversiones Portuarias SARL,"Gabonese Republic  ,",2008,17
ListConcluded,Malicorp Limited,Arab Republic of Egypt,2008,18
ListConcluded,Karmer Marble Tourism Construction Industry and Commerce Limited Liability Company,Georgia,2008,19
ListConcluded,Millicom International Operations B.V. and Sentel GSM S.A.,Republic of Senegal,2008,20
ListConcluded,"Vattenfall AB, Vattenfall Europe AG, Vattenfall Europe Generation AG",Federal Republic of Germany,2009,6
ListConcluded,MTN (Dubai) Limited and MTN Yemen for Mobile Telephones,Republic of Yemen,2009,7
ListConcluded,EVN AG,"Macedonia, former Yugoslav Republic of",2009,10
ListConcluded,"Global Trading Resource Corp. and Globex International, Inc.","Ukraine  ,",2009,11
ListConcluded,International Company for Railway Systems (ICRS),Hashemite Kingdom of Jordan,2009,13
ListConcluded,"M&aeligrsk; Olie, Algeriet A/S","People's Democratic Republic of Algeria  ,",2009,14
ListConcluded,"H&H; Enterprises Investments, Inc.","Arab Republic of Egypt  ,",2009,15
ListConcluded,Swisslion DOO Skopje,"Macedonia, former Yugoslav Republic of  ,",2009,16
ListConcluded,"Commerce Group Corp. and San Sebastian Gold Mines, Inc.",Republic of El Salvador,2009,17
ListConcluded,Cambodia Power Company,Kingdom of Cambodia,2009,18
ListConcluded,Reinhard Hans Unglaube,"Republic of Costa Rica  ,",2009,20
ListConcluded,"Abengoa, S.A. y COFIDES, S.A.","United Mexican States  ,","20td><td class=""contentBlueBold"" colspan=""3"">Abengoa, S.A. y COFIDES, S.A. v. United Mexican States <","td><td width=""30"">&nbsp;<"
ListConcluded,Itera International Energy LLC and Itera Group NV,"Georgia  ,",2009,22
ListConcluded,CorporaciÃ³n Quiport S.A. and others,"Republic of Ecuador  ,",2009,23
ListConcluded,Convial Callao S.A. and CCI - Compa&#241;&iacutea; de Concesiones de Infraestructura S.A.,Republic of Peru,2010,2
ListConcluded,Metal-Tech Ltd.,Republic of Uzbekistan,2010,3
ListConcluded,RSM Production Corporation and others,"Grenada  ,",2010,6
ListConcluded,Olyana Holdings LLC,Republic of Rwanda,2010,10
ListConcluded,Opic Karimun Corporation,"Bolivarian Republic of Venezuela  ,",2010,14
ListConcluded,AES Corporation and Tau Power B.V.,"Republic of Kazakhstan  ,",2010,16
ListConcluded,"International Quantum Resources Limited, Frontier SPRL and Compagnie MiniÃ¨re de Sakania SPRL","Democratic Republic of the Congo  ,",2010,21
ListConcluded,&Oumlmer; Dede and Serdar Elh&uumlseyni;,"Romania  ,",2010,22
ListConcluded,Accession Eastern Europe Capital AB and Mezzanine Management Sweden AB,Republic of Bulgaria,2011,3
ListConcluded,Club Hotel Loutraki S.A. and Casinos Austria International Holding GMBH,Republic of Serbia,2011,4
ListConcluded,Nova Scotia Power Incorporated,"Bolivarian Republic of Venezuela  ,","20td><td class=""contentBlueBold"" colspan=""3"">Nova Scotia Power Incorporated v. Bolivarian Republic of Venezuela<","td><td width=""30"">&nbsp;<"
ListConcluded,National Gas S.A.E.,Arab Republic of Egypt,2011,7
ListConcluded,CaravelÃ­ Cotaruse Transmisora de Energ&iacutea; S.A.C.,"Republic of Peru  ,",2011,9
ListConcluded,AHS Niger and Menzies Middle East and Africa S.A.,"Republic of Niger  ,",2011,11
ListConcluded,Ekran Berhad,People's Republic of China,2011,15
ListConcluded,Burimi SRL and Eagle Games SH.A,"Republic of Albania  ,",2011,18
ListConcluded,Mr. Franck Charles Arif,Republic of Moldova,2011,23
ListConcluded,RSM Production Corporation,"Republic of Cameroon  ,","20td><td class=""contentBlueBold"" colspan=""3"">RSM Production Corporation v. Republic of Cameroon <","td><td width=""30"">&nbsp;<"
ListConcluded,Mobile TeleSystems OJSC,Turkmenistan,"20td><td class=""contentBlueBold"" colspan=""3"">Mobile TeleSystems OJSC v. Turkmenistan (ICSID Case No. ARB(AF)",11
ListConcluded,"Emmis International Holding, B.V., Emmis Radio Operating, B.V., and MEM Magyar Electronic Media Kereskedelmi Ã©s SzolgÃ¡ltatÃ³ Kft.","Hungary  ,",2012,2
ListConcluded,Isolux Cors&aacuten; Concesiones S.A.,"Republic of Peru  ,",2012,5
ListConcluded,"Slovak Gas Holding BV, GDF International SAS and E.ON Ruhrgas International GmbH",Slovak Republic,2012,7
ListConcluded,Soci&eacutet;Ã© Industrielle des Boissons de Guin&eacutee;,Republic of Guinea,2012,8
ListConcluded,Ternium S.A. and Consorcio Siderurgia Amazonia S.L.,Bolivarian Republic of Venezuela,2012,19
ListConcluded,Bidzina Ivanishvili,Georgia,2012,27
ListConcluded,"Repsol, S.A. and Repsol Butano, S.A.","Argentine Republic  ,",2012,38
ListConcluded,Republic of Peru,"CaravelÃ­ Cotaruse Transmisora de EnergÃ­a S.A.C.  ,",2013,24
ListPending,V&iacutector; Pey Casado and President Allende Foundation,Republic of Chile,1998,2
ListPending,"Enron Creditors Recovery Corporation (formerly Enron Corporation) and Ponderosa Assets, L.P.",Argentine Republic,2001,3
ListPending,"LG&E; Energy Corp., LG&E; Capital Corp. and LG&E; International Inc.",Argentine Republic,2002,1
ListPending,Sempra Energy International,"Argentine Republic  ,",2002,16
ListPending,AES Corporation,Argentine Republic,2002,17
ListPending,Camuzzi International S.A.,Argentine Republic,2003,2
ListPending,"Gas Natural SDG, S.A.",Argentine Republic,2003,10
ListPending,El Paso Energy International Company,"Argentine Republic  ,",2003,15
ListPending,"Suez, Sociedad General de Aguas de Barcelona S.A. and Interagua Servicios Integrales de Agua S.A.",Argentine Republic,2003,17
ListPending,"Suez, Sociedad General de Aguas de Barcelona S.A. and Vivendi Universal S.A",Argentine Republic,2003,19
ListPending,Enersis S.A. and others,Argentine Republic,2003,21
ListPending,Electricidad Argentina S.A. and EDF International S.A.,Argentine Republic,2003,22
ListPending,"EDF International S.A., SAUR International S.A. and León Participaciones Argentinas S.A.",Argentine Republic,2003,23
ListPending,Unisys Corporation,Argentine Republic,2003,27
ListPending,Total S.A.,Argentine Republic,2004,1
ListPending,ABCI Investments Limited,Republic of Tunisia,2004,12
ListPending,Mobil Exploration and Development Inc. Suc. Argentina and Mobil Argentina S.A.,Argentine Republic,2004,16
ListPending,Daimler Financial Services AG,"Argentine Republic  ,",2005,1
ListPending,"Ioan Micula, Viorel Micula and others","Romania  ,",2005,20
ListPending,Hrvatska Elektroprivreda d.d.,"Republic of Slovenia  ,",2005,24
ListPending,Quiborax S.A. and Non-Metallic Minerals S.A.,Plurinational State of Bolivia,2006,2
ListPending,Vestey Group Ltd,"Bolivarian Republic of Venezuela  ,",2006,4
ListPending,Occidental Petroleum Corporation and Occidental Exploration and Production Company,Republic of Ecuador,2006,11
ListPending,Abaclat and others,Argentine Republic,2007,5
ListPending,Tza Yap Shum,Republic of Peru,2007,6
ListPending,Giovanni Alemanni and others,"Argentine Republic  ,",2007,8
ListPending,Electrabel S.A.,Hungary,2007,19
ListPending,"Urbaser S.A. and Consorcio de Aguas Bilbao Bizkaia, Bilbao Biskaia Ur Partzuergoa",Argentine Republic,2007,26
ListPending,Venezuela Holdings B.V. and others,"Bolivarian Republic of Venezuela  ,",2007,27
ListPending,"ConocoPhillips Petrozuata B.V., ConocoPhillips Hamaca B.V. and ConocoPhillips Gulf of Paria B.V.","Bolivarian Republic of Venezuela  ,",2007,30
ListPending,HOCHTIEF Aktiengesellschaft,"Argentine Republic  ,",2007,31
ListPending,Mobil Investments Canada Inc. and Murphy Oil Corporation,"Canada  ,","20d><td class=""contentBlueBold"" colspan=""3"">Mobil Investments Canada Inc. and Murphy Oil Corporation v. Canada<","td><td width=""30"">&nbsp;<"
ListPending,"Burlington Resources, Inc.","Republic of Ecuador  ,",2008,5
ListPending,Perenco Ecuador Limited,Republic of Ecuador,2008,6
ListPending,Ambiente Ufficio S.p.A. and others,"Argentine Republic  ,",2008,9
ListPending,"Teinver S.A., Transportes de Cercan&iacuteas; S.A. and Autobuses Urbanos del Sur S.A.",Argentine Republic,2009,1
ListPending,Deutsche Bank AG,"Democratic Socialist Republic of Sri Lanka  ,",2009,2
ListPending,"Holcim Limited, Holderfin B.V. and Caricement B.V.",Bolivarian Republic of Venezuela,2009,3
ListPending,"Elsamex, S.A.",Republic of Honduras,2009,4
ListPending,"Iberdrola Energ&iacutea;, S.A.","Republic of Guatemala  ,",2009,5
ListPending,KT Asia Investment Group B.V.,"Republic of Kazakhstan  ,",2009,8
ListPending,Adem Dogan,Turkmenistan,2009,9
ListPending,Pac Rim Cayman LLC,Republic of El Salvador,2009,12
ListPending,Carnegie Minerals (Gambia) Limited,"Republic of The Gambia  ,",2009,19
ListPending,Gold Reserve Inc.,"Bolivarian Republic of Venezuela  ,","20d><td class=""contentBlueBold"" colspan=""3"">Gold Reserve Inc. v. Bolivarian Republic of Venezuela<","td><td width=""30"">&nbsp;<"
ListPending,UAB &quot;ARVI&quot; ir ko and UAB &quot;SANITEX&quot;,Republic of Serbia,2009,21
ListPending,Kılıç İnşaat İthalat İhracat Sanayi ve Ticaret Anonim Şirketi,Turkmenistan,2010,1
ListPending,Antoine Abou Lahoud and Leila Bounafeh-Abou Lahoud,Democratic Republic of the Congo,2010,4
ListPending,"Tidewater Investment SRL and Tidewater Caribe, C.A.",Bolivarian Republic of Venezuela,2010,5
ListPending,"Philip Morris Brand S&agraverl; (Switzerland), Philip Morris Products S.A. (Switzerland) and Abal Hermanos S.A. (Uruguay)",Oriental Republic of Uruguay,2010,7
ListPending,Pan American Energy LLC,"Plurinational State of Bolivia  ,",2010,8
ListPending,"Universal Compression International Holdings, S.L.U.",Bolivarian Republic of Venezuela,2010,9
ListPending,Niko Resources (Bangladesh) Ltd.,Bangladesh Petroleum Exploration &amp; Production Company Limited (&quotBapex;&quot;) and Bangladesh Oil Gas and Mineral Corporation,2010,11
ListPending,Standard Chartered Bank,"United Republic of Tanzania  ,",2010,12
ListPending,"Hassan Awdi, Enterprise Business Consultants, Inc. and Alfa El Corporation",Romania,2010,13
ListPending,Bernhard von Pezold and others,"Republic of Zimbabwe  ,",2010,15
ListPending,Ren&eacutee; Rose Levy de Levi,"Republic of Peru  ,",2010,17
ListPending,Niko Resources (Bangladesh) Ltd.,Bangladesh Petroleum Exploration and Production Company Limited (&quot;Bapex&quot;) and Bangladesh Oil Gas and Mineral Corporation (&quot;Petrobangla&quot;),2010,18
ListPending,Flughafen Z&uumlrich; A.G. and Gesti&oacuten; e Ingener&iacutea; IDC S.A.,Bolivarian Republic of Venezuela,2010,19
ListPending,David Minnotte and Robert Lewis,"Republic of Poland  ,","20d><td class=""contentBlueBold"" colspan=""3"">David Minnotte and Robert Lewis v. Republic of Poland<","td><td width=""30"">&nbsp;<"
ListPending,Standard Chartered Bank (Hong Kong) Limited,Tanzania Electric Supply Company Limited,2010,20
ListPending,"TECO Guatemala Holdings, LLC","Republic of Guatemala  ,",2010,23
ListPending,İçkale İnşaat Limited Şirketi,Turkmenistan,2010,24
ListPending,"Border Timbers Limited, Border Timbers International (Private) Limited, and Hangani Development Co. (Private) Limited","Republic of Zimbabwe  ,",2010,25
ListPending,Highbury International AVV and Ramstein Trading Inc.,Bolivarian Republic of Venezuela,2011,1
ListPending,T&uumlrkiye; Petrolleri Anonim Ortaklı&#287;ı,"Republic of Kazakhstan  ,",2011,2
ListPending,Longreef Investments A.V.V.,"Bolivarian Republic of Venezuela  ,",2011,5
ListPending,Crystallex International Corporation,"Bolivarian Republic of Venezuela  ,","20d><td class=""contentBlueBold"" colspan=""3"">Crystallex International Corporation v. Bolivarian Republic of Venezuela<","td><td width=""30"">&nbsp;<"
ListPending,Bawabet Al Kuwait Holding Company,"Arab Republic of Egypt  ,",2011,6
ListPending,Agility for Public Warehousing Company K.S.C.,Islamic Republic of Pakistan,2011,8
ListPending,"The Williams Companies, International Holdings B.V., WilPro Energy Services (El Furrial) Limited and WilPro Energy Services (Pigap II) Limited",Bolivarian Republic of Venezuela,2011,10
ListPending,"Vincent J. Ryan, Schooner Capital LLC, and Atlantic Investment Partners LLC",Republic of Poland,"20d><td class=""contentBlueBold"" colspan=""3"">Vincent J. Ryan, Schooner Capital LLC, and Atlantic Investment Partners LLC v. Republic of Poland  (ICSID Case No. ARB(AF)",11
ListPending,Fraport AG Frankfurt Airport Services Worldwide,Republic of the Philippines,2011,12
ListPending,Rafat Ali Rizvi,Republic of Indonesia,2011,13
ListPending,"Diamond Fields Liberia, Inc.","Republic of Liberia  ,",2011,14
ListPending,"Hussain Sajwani, Damac Park Avenue for Real Estate Development S.A.E., and Damac Gamsha Bay for Development S.A.E.","Arab Republic of Egypt  ,",2011,16
ListPending,Ren&eacutee; Rose Levy and Gremcitel S.A.,"Republic of Peru  ,",2011,17
ListPending,Koch Minerals S&agraverl; and Koch Nitrogen International S&agraverl;,Bolivarian Republic of Venezuela,2011,19
ListPending,Garanti Koza LLP,Turkmenistan,2011,20
ListPending,"DP World Callao S.R.L., P&O; Dover (Holding) Limited, and The Peninsular and Oriental Steam Navigation Company","Republic of Peru  ,",2011,21
ListPending,Vigotop Limited,Hungary,2011,22
ListPending,Mamidoil Jetoil Greek Petroleum Products Societe Anonyme S.A.,Republic of Albania,2011,24
ListPending,OI European Group B.V.,"Bolivarian Republic of Venezuela  ,",2011,25
ListPending,Tenaris S.A. and Talta - Trading e Marketing Sociedade Unipessoal Lda.,Bolivarian Republic of Venezuela,2011,26
ListPending,Baggerwerken Decloedt En Zoon NV,"Republic of the Philippines  ,",2011,27
ListPending,Tulip Real Estate and Development Netherlands B.V.,"Republic of Turkey  ,",2011,28
ListPending,Getma International and others,"Republic of Guinea  ,",2011,29
ListPending,Hortensia Margarita Shortt,"Bolivarian Republic of Venezuela  ,",2011,30
ListPending,"Gambrinus, Corp.","Bolivarian Republic of Venezuela  ,",2011,31
ListPending,Indorama International Finance Limited,"Arab Republic of Egypt  ,",2011,32
ListPending,Adel A Hamadi Al Tamimi,Sultanate of Oman,2011,33
ListPending,Tethyan Copper Company Pty Limited,"Islamic Republic of Pakistan  ,",2012,1
ListPending,Accession Mezzanine Capital L.P. and Danubius Keresked&oumlh;&aacutez; Vagyonkezel&ouml; Zrt.,Hungary,2012,3
ListPending,Supervision y Control S.A.,"Republic of Costa Rica  ,",2012,4
ListPending,Apotex Holdings Inc. and Apotex Inc.,"United States of America  ,","20d><td class=""contentBlueBold"" colspan=""3"">Apotex Holdings Inc. and Apotex Inc.  v. United States of America<","td><td width=""30"">&nbsp;<"
ListPending,Grupo Francisco Hernando Contreras,"Republic of Equatorial Guinea  ,","20d><td class=""contentBlueBold"" colspan=""3"">Grupo Francisco Hernando Contreras v. Republic of Equatorial Guinea<","td><td width=""30"">&nbsp;<"
ListPending,Muhammet &#199;ap &amp; Sehil In&#351;aat Endustri ve Ticaret Ltd. Sti.,Turkmenistan,2012,6
ListPending,Dan Cake (Portugal) S.A.,Hungary,2012,9
ListPending,RSM Production Corporation,Saint Lucia,2012,10
ListPending,"Hess Equatorial Guinea, Inc. and Tullow Equatorial Guinea Limited",Republic of Equatorial Guinea,"20td><td class=""contentBlueBold"" colspan=""3"">Hess Equatorial Guinea, Inc. and Tullow Equatorial Guinea Limited v. Republic of Equatorial Guinea (ICSID Case No. CONC(AF)",12
ListPending,"Mercer International, Inc.",Canada,"20td><td class=""contentBlueBold"" colspan=""3"">Mercer International, Inc. v. Canada (ICSID Case No. ARB(AF)",12
ListPending,Ampal-American Israel Corporation and others,"Arab Republic of Egypt  ,",2012,11
ListPending,Vattenfall AB and others,"Federal Republic of Germany  ,",2012,12
ListPending,Saint-Gobain Performance Plastics Europe,Bolivarian Republic of Venezuela,2012,13
ListPending,Telef&oacutenica; S.A.,"United Mexican States  ,","20td><td class=""contentBlueBold"" colspan=""3"">Telef&oacutenica; S.A.  v. United Mexican States <","td><td width=""30"">&nbsp;<"
ListPending,"Churchill Mining and Planet Mining Pty Ltd, formerly ARB/12/14",Republic of Indonesia,2012,14 and 12
ListPending,Veolia Propret&eacute;,Arab Republic of Egypt,2012,15
ListPending,Republic of Equatorial Guinea,"CMS Energy Corporation and others  ,","20td><td class=""contentBlueBold"" colspan=""3"">Republic of Equatorial Guinea v. CMS Energy Corporation and others <","td><td width=""30"">&nbsp;<"
ListPending,"Novera AD, Novera Properties B.V. and Novera Properties N.V.",Republic of Bulgaria,2012,16
ListPending,"Inversi&oacute;n y Gesti&oacute;n de Bienes, IGB, S.L. and IGB18 Las Rozas, S.L.",Kingdom of Spain,2012,17
ListPending,Valle Verde Sociedad Financiera S.L.,"Bolivarian Republic of Venezuela  ,",2012,18
ListPending,Rusoro Mining Ltd.,"Bolivarian Republic of Venezuela  ,","20td><td class=""contentBlueBold"" colspan=""3"">Rusoro Mining Ltd. v. Bolivarian Republic of Venezuela<","td><td width=""30"">&nbsp;<"
ListPending,Blue Bank International &amp; Trust (Barbados) Ltd.,Bolivarian Republic of Venezuela,2012,20
ListPending,"F&aacutebrica; de Vidrios Los Andes, C.A. and Owens-Illinois de Venezuela, C.A.",Bolivarian Republic of Venezuela,2012,21
ListPending,Venoklim Holding B.V.,"Bolivarian Republic of Venezuela  ,",2012,22
ListPending,Tenaris S.A. and Talta - Trading e Marketing Sociedade Unipessoal Lda.,Bolivarian Republic of Venezuela,2012,23
ListPending,Transban Investments Corp.,"Bolivarian Republic of Venezuela  ,",2012,24
ListPending,Marco Gavazzi and Stefano Gavazzi,Romania,2012,25
ListPending,Sudapet Company Limited,"Republic of South Sudan  ,",2012,26
ListPending,Pluspetrol Per&uacute; Corporation and others,"Perupetro S.A.  ,",2012,28
ListPending,Lao Holdings N.V.,"Lao People’s Democratic Republic  ,","20td><td class=""contentBlueBold"" colspan=""3"">Lao Holdings N.V.  v. Lao People’s Democratic Republic <","td><td width=""30"">&nbsp;<"
ListPending,"Ping An Life Insurance Company of China, Limited and Ping An Insurance (Group) Company of China, Limited","Kingdom of Belgium  ,",2012,29
ListPending,Lundin Tunisia B. V.,Republic of Tunisia,2012,30
ListPending,"Guardian Fiduciary Trust, Ltd, f/k/a Capital Conservator Savings &amp; Loan, Ltd","Macedonia, former Yugoslav Republic of",2012,31
ListPending,Gelsenwasser AG,"People's Democratic Republic of Algeria  ,",2012,32
ListPending,UAB E energija (Lithuania),Republic of Latvia,2012,33
ListPending,Tullow Uganda Operations PTY LTD,"Republic of Uganda  ,",2012,34
ListPending,Mobile TeleSystems OJSC,"Republic of Uzbekistan  ,","20td><td class=""contentBlueBold"" colspan=""3"">Mobile TeleSystems OJSC v. Republic of Uzbekistan<","td><td width=""30"">&nbsp;<"
ListPending,Orascom TMT Investments S.à r.l.,People's Democratic Republic of Algeria,2012,35
ListPending,Société Civile Immobilière de Gaëta,"Republic of Guinea  ,",2012,36
ListPending,MNSS B.V. and Recupero Credito Acciaio N.V.,"Montenegro  ,","20td><td class=""contentBlueBold"" colspan=""3"">MNSS B.V. and Recupero Credito Acciaio N.V. v. Montenegro<","td><td width=""30"">&nbsp;<"
ListPending,LSF-KEB Holdings SCA and others,"Republic of Korea  ,",2012,37
ListPending,Georg Gavrilovic and Gavrilovic d.o.o.,"Republic of Croatia  ,",2012,39
ListPending,"Churchill Mining and Planet Mining Pty Ltd, formerly ARB/12/40",Republic of Indonesia,2012,40 and 12
ListPending,Karkey Karadeniz Elektrik Uretim A.S.,"Islamic Republic of Pakistan  ,",2013,1
ListPending,Cervin Investissements S.A. and Rhone Investissements S.A.,Republic of Costa Rica,2013,2
ListPending,Ossama Al Sharif,Arab Republic of Egypt,2013,3
ListPending,Ossama Al Sharif,Arab Republic of Egypt,2013,4
ListPending,Ossama Al Sharif,Arab Republic of Egypt,2013,5
ListPending,"The Renco Group, Inc.",Republic of Peru,"20td><td class=""contentBlueBold"" colspan=""3"">The Renco Group, Inc. v. Republic of Peru (ICSID Case No. UNCT",13
ListPending,Consolidated Exploration Holdings Ltd. and others,"Kyrgyz Republic  ,","20td><td class=""contentBlueBold"" colspan=""3"">Consolidated Exploration Holdings Ltd. and others v. Kyrgyz Republic<","td><td width=""30"">&nbsp;<"
ListPending,Vladislav Kim and others,"Republic of Uzbekistan  ,",2013,6
ListPending,Joseph Houben,Republic of Burundi,2013,7
ListPending,"Poštová banka, a.s. and ISTROKAPITAL SE","Hellenic Republic  ,",2013,8
ListPending,Federal Elektrik Yatırım ve Ticaret A.Ş. and others,Republic of Uzbekistan,2013,9
ListPending,"Impresa Grassetto S. p. A., in liquidation","Republic of Slovenia  ,",2013,10
ListPending,"Valores Mundiales, S.L. and Consorcio Andino S.L.",Bolivarian Republic of Venezuela,2013,11
ListPending,"Lieven J. van Riet, Chantal C. van Riet and Christopher van Riet",Republic of Croatia,2013,12
ListPending,Caratube International Oil Company LLP and Devincci Salah Hourani,Republic of Kazakhstan,2013,13
ListPending,RSM Production Company,Republic of Cameroon,2013,14
ListPending,Lundin Tunisia B.V.,Republic of Tunisia,2013,15
ListPending,Société des Mines de Loulo S.A.,"Republic of Mali  ,",2013,16
ListPending,EVN AG,Republic of Bulgaria,2013,17
ListPending,Enel Green Power S.p.A.,"Republic of El Salvador  ,",2013,18
ListPending,Güneş Tekstil Konfeksiyon Sanayi ve Ticaret Limited Şirketi and others,Republic of Uzbekistan,2013,19
ListPending,Interocean Oil Development Company and Interocean Oil Exploration Company,Federal Republic of Nigeria,2013,20
ListPending,Edenred S.A.,Hungary,2013,21
ListPending,Erbil Serter,French Republic,2013,22
ListPending,Eli Lilly and Company,Canada,"20td><td class=""contentBlueBold"" colspan=""3"">Eli Lilly and Company v. Canada (ICSID Case No. UNCT",14
ListPending,ASA International S.p.A.,"Arab Republic of Egypt  ,",2013,23
ListPending,Tullow Uganda Operations Pty Ltd and Tullow Uganda Limited,Republic of Uganda,2013,25
ListPending,"Spentex Netherlands, B.V.","Republic of Uzbekistan  ,",2013,26
ListPending,"Marfin Investment Group Holdings S.A., Alexandros Bakatselos and others",Republic of Cyprus,2013,27
ListPending,"Transglobal Green Energy, LLC and Transglobal Green Panama, S.A.",Republic of Panama,2013,28
ListPending,Spence International Investments et al.,"Republic of Costa Rica  ,","20td><td class=""contentBlueBold"" colspan=""3"">Spence International Investments et al.  v. Republic of Costa Rica<","td><td width=""30"">&nbsp;<"
ListPending,"Cemusa - Corporación Europea de Mobiliario Urbano, S.A. and Corporación Americana de Equipamientos Urbanos, S.L.","United Mexican States  ,","20td><td class=""contentBlueBold"" colspan=""3"">Cemusa - Corporación Europea de Mobiliario Urbano, S.A. and Corporación Americana de Equipamientos Urbanos, S.L. v. United Mexican States<","td><td width=""30"">&nbsp;<"
ListPending,Cementos La Union S.A. and Aridos Jativa S.L.U,"Arab Republic of Egypt  ,",2013,29
ListPending,RREEF Infrastructure (G.P.) Limited and RREEF Pan-European Infrastructure Two Lux S.à r.l.,Kingdom of Spain,2013,30
ListPending,Antin Infrastructure Services Luxembourg S.à.r.l. and Antin Energia Termosolar B.V.,Kingdom of Spain,2013,31
ListPending,MOL Hungarian Oil and Gas Company Plc,"Republic of Croatia  ,",2013,32
ListPending,PNG Sustainable Development Program Ltd.,Independent State of Papua New Guinea,2013,33
ListPending,Courts (Indian Ocean) Limited and Courts Madagascar S.A.R.L.,Republic of Madagascar,2013,34
ListPending,Le Chèque Déjeuner and C.D Holding Internationale,"Hungary  ,",2013,35
ListPending,Eiser Infrastructure Limited and Energía Solar Luxembourg S.à r.l.,Kingdom of Spain,2013,36
ListPending,"Utsch M.O.V.E.R.S. International GmbH, Erich Utsch Aktiengesellschaft, and Mr. Helmut Jungbluth",Arab Republic of Egypt,2013,37
ListPending,"Fouad Alghanim &amp; Sons Co. for General Trading &amp; Contracting, W.L.L. and Mr. Fouad Mohammed Thunyan Alghanim","Hashemite Kingdom of Jordan  ,",2013,38
ListPending,Masdar Solar &amp; Wind Cooperatief U.A.,"Kingdom of Spain  ,",2014,1
ListPending,Michael Dagher,Republic of the Sudan,2014,2
ListPending,"Blusun S.A., Jean-Pierre Lecorcier and Michael Stein","Italian Republic  ,",2014,3
ListPending,"Unión Fenosa Gas, S.A.",Arab Republic of Egypt,2014,4
ListPending,Infinito Gold Ltd.,Republic of Costa Rica,2014,5
ListPending,African Petroleum Gambia Limited (Block A1),"Republic of The Gambia  ,",2014,6
ListPending,African Petroleum Gambia Limited (Block A4),"Republic of The Gambia  ,",2014,7
ListPending,CEAC Holdings Limited,Montenegro,2014,8
ListPending,Anglo American PLC,"Bolivarian Republic of Venezuela  ,","20td><td class=""contentBlueBold"" colspan=""3"">Anglo American PLC v. Bolivarian Republic of Venezuela<","td><td width=""30"">&nbsp;<"
ListPending,"City-State N.V., Praktyka Asset Management Company LLC, Crystal-Invest LLC and Prodiz LLC",Ukraine,2014,9
ListPending,"Highbury International AVV, Compañía Minera de Bajo Caroní AVV, and Ramstein Trading Inc.","Bolivarian Republic of Venezuela  ,",2014,10
ListPending,NextEra Energy Global Holdings B.V. and NextEra Energy Spain Holdings B.V.,Kingdom of Spain,2014,11
ListPending,InfraRed Environmental Infrastructure GP Limited and others,Kingdom of Spain,2014,12
ListPending,Elektrogospodarstvo Slovenije - razvoj ininzeniring d.o.o.,Bosnia and Herzegovina,2014,13
ListPending,Oded Besserglik,Republic of Mozambique,"20td><td class=""contentBlueBold"" colspan=""3"">Oded Besserglik v. Republic of Mozambique (ICSID Case No. ARB(AF)14",2
ListPending,EuroGas Inc. and Belmont Resources Inc.,"Slovak Republic  ,",2014,14
ListPending,Nusa Tenggara Partnership B.V. and PT Newmont Nusa Tenggara,Republic of Indonesia,2014,15
ListPending,Cyprus Popular Bank Public Co. Ltd.,"Hellenic Republic  ,",2014,16
ListPending,Krederi Ltd.,Ukraine,2014,17
ListPending,"Corona Materials, LLC",Dominican Republic,"20td><td class=""contentBlueBold"" colspan=""3"">Corona Materials, LLC  v. Dominican Republic (ICSID Case No. ARB(AF)",14
ListPending,RENERGY S.à r.l.,Kingdom of Spain,2014,18
ListPending,VICAT,Republic of Senegal,2014,19
